Periodo,Indice general,Indice subyacente,Indice subyacente - Mercancias,Indice subyacente - Servicios,Indice no subyacente,Indice no subyacente - Agropecuarios,Indice no subyacente - Energéticos y tarifas autorizadas por el gobierno  
1982/01,0.085865536,0.092900756,0.09364787,0.088810557,0.066882263,0.091769424,0.045160004
1982/02,0.089239654,0.096868689,0.097213976,0.093211727,0.0687998,0.093825657,0.046981877
1982/03,0.09249895,0.101013577,0.101520089,0.096994868,0.069947384,0.095360957,0.047792787
1982/04,0.097512044,0.10683593,0.107739765,0.102069613,0.072960571,0.100982059,0.04846403
1982/05,0.102993008,0.113471372,0.114753308,0.107957752,0.075646064,0.106239411,0.048835255
1982/06,0.107954431,0.119428583,0.11991867,0.114829701,0.078185915,0.111027226,0.04935546
1982/07,0.113517202,0.125427824,0.125852051,0.120724742,0.082563155,0.120017252,0.049574698
1982/08,0.126255879,0.137414418,0.13981141,0.129553645,0.096516921,0.130006477,0.067393354
1982/09,0.1329955,0.144973814,0.148395579,0.135429087,0.101168307,0.138360003,0.068726312
1982/10,0.139890117,0.153430136,0.158467711,0.141343667,0.104297225,0.144228414,0.069394531
1982/11,0.146962697,0.16244297,0.169055077,0.147854387,0.106755589,0.148732773,0.070017115
1982/12,0.162656416,0.17466842,0.182006773,0.158661465,0.129648083,0.158662171,0.105173174
1983/01,0.180355086,0.195201638,0.203179838,0.177625282,0.140326335,0.171783643,0.113786511
1983/02,0.190033959,0.207337551,0.217890281,0.185755165,0.144134543,0.177373833,0.116023228
1983/03,0.199232046,0.217867736,0.230409488,0.193152579,0.14999688,0.188672475,0.116996805
1983/04,0.211845861,0.230276137,0.244770957,0.202417078,0.162603593,0.202303813,0.128871163
1983/05,0.221033903,0.240226457,0.256233874,0.209921383,0.169738881,0.21442906,0.131547919
1983/06,0.229403889,0.24948521,0.265665442,0.218634641,0.17580385,0.226012033,0.132652538
1983/07,0.240746133,0.264129704,0.282873167,0.229206774,0.179313658,0.232200408,0.133763778
1983/08,0.250090607,0.276612961,0.296387334,0.23983619,0.181262751,0.235088972,0.134883409
1983/09,0.257787495,0.285926477,0.306586047,0.247603928,0.185048828,0.24005638,0.137648434
1983/10,0.266341179,0.295173919,0.31758868,0.254088356,0.191728495,0.247880246,0.143388666
1983/11,0.281983237,0.312317244,0.339857703,0.263485867,0.203415009,0.251646665,0.162530069
1983/12,0.294047381,0.325911862,0.353928632,0.275967577,0.211597223,0.266942093,0.16432392
1984/01,0.312727718,0.343349891,0.371213021,0.293049756,0.232370617,0.301337126,0.17294766
1984/02,0.329232318,0.363431081,0.391480483,0.31221209,0.240232845,0.316541047,0.174206747
1984/03,0.343304281,0.378913964,0.408773136,0.324651215,0.250615513,0.335556165,0.176844073
1984/04,0.35815555,0.391804471,0.425516025,0.331719915,0.26931721,0.351894957,0.198019995
1984/05,0.370031686,0.403228381,0.438546981,0.340517163,0.281762959,0.364899671,0.210157759
1984/06,0.383423376,0.419732807,0.457875021,0.352523345,0.287673811,0.376403106,0.211037338
1984/07,0.395992706,0.434772368,0.474620793,0.36467882,0.294230427,0.38962738,0.211587447
1984/08,0.407248839,0.447044972,0.487335535,0.375929717,0.302786177,0.406856921,0.212329914
1984/09,0.419380438,0.463325558,0.505530172,0.388994251,0.305155839,0.409074887,0.214877635
1984/10,0.434033654,0.482507932,0.530730223,0.39911381,0.309102016,0.415293645,0.21680471
1984/11,0.448929413,0.498634967,0.551395822,0.408351259,0.320680078,0.438318588,0.218076228
1984/12,0.467995815,0.519677424,0.577471352,0.421650009,0.334599087,0.466189984,0.219429608
1985/01,0.502711447,0.54693919,0.604195531,0.44877229,0.384751475,0.510724378,0.275558161
1985/02,0.523596222,0.571629461,0.630429867,0.470489624,0.396319305,0.524105812,0.285653061
1985/03,0.5438854,0.597756554,0.662245459,0.487787802,0.402755302,0.535460691,0.287684206
1985/04,0.560621062,0.614614226,0.679240049,0.503901383,0.418593892,0.566658818,0.289698356
1985/05,0.573902241,0.632167385,0.697410552,0.520014295,0.421794907,0.574021294,0.289135904
1985/06,0.588275593,0.650252226,0.716266097,0.536426522,0.427301413,0.583353984,0.291224291
1985/07,0.608762824,0.673013743,0.737753761,0.560227923,0.441925116,0.612022531,0.293209165
1985/08,0.635376852,0.70355946,0.771122004,0.585816991,0.458723405,0.642952078,0.29732513
1985/09,0.660752314,0.734980673,0.800879907,0.618540306,0.469589194,0.660715943,0.302043952
1985/10,0.685852223,0.766075916,0.838322983,0.639719764,0.480299129,0.679271146,0.305735777
1985/11,0.717495125,0.802320798,0.880252384,0.666809896,0.500436273,0.718040575,0.309118011
1985/12,0.766340131,0.83813003,0.920687189,0.694962884,0.576720102,0.764906361,0.413632373
1986/01,0.834092231,0.909993014,0.995862261,0.759829661,0.632727316,0.814926635,0.476050322
1986/02,0.871174477,0.95754511,1.051941981,0.793871684,0.644937965,0.815894278,0.498771609
1986/03,0.911666717,1.008175438,1.116204946,0.823735829,0.661172551,0.834610058,0.512997793
1986/04,0.959263111,1.063467711,1.184581918,0.858877216,0.689724178,0.884222569,0.522705789
1986/05,1.012570099,1.1254966,1.265924731,0.89180356,0.721476516,0.942201316,0.530930288
1986/06,1.077566644,1.204650069,1.359358609,0.948348623,0.752277761,0.994857269,0.542196939
1986/07,1.131332893,1.2650744,1.425884709,0.998241361,0.789099546,1.045521165,0.566930705
1986/08,1.221531243,1.337382911,1.51608133,1.04310906,0.916096093,1.091148473,0.770631026
1986/09,1.294811669,1.421435787,1.617864679,1.099557373,0.962474172,1.139453008,0.816004914
1986/10,1.368824029,1.515087185,1.73818902,1.152755875,0.98965799,1.174579953,0.836351688
1986/11,1.461304324,1.617608638,1.86505495,1.217797506,1.056281599,1.239951504,0.905218629
1986/12,1.576734626,1.742313508,2.013879642,1.304610803,1.146481889,1.357744607,0.97159887
1987/01,1.704401293,1.886889013,2.157106507,1.446340912,1.231460387,1.474767655,1.028589208
1987/02,1.82738639,2.02925917,2.341970916,1.524486924,1.306365354,1.599038329,1.059456799
1987/03,1.948152699,2.172017742,2.527373685,1.602798464,1.373281868,1.721348756,1.076676715
1987/04,2.11860646,2.329888562,2.710529672,1.720057965,1.565633487,1.910470744,1.275151885
1987/05,2.278325059,2.498393362,2.928185068,1.81415291,1.699689915,2.067214723,1.390607347
1987/06,2.443145733,2.684684909,3.165321389,1.923077393,1.810195079,2.22087656,1.463354076
1987/07,2.641021527,2.915518511,3.433606457,2.093857228,1.926744284,2.394741451,1.529260286
1987/08,2.856871549,3.129306376,3.681512307,2.252821936,2.139188018,2.594169983,1.757131289
1987/09,3.045081395,3.362996004,3.971048065,2.40058195,2.218322571,2.753135647,1.764361011
1987/10,3.298844634,3.65762873,4.314767941,2.616762339,2.370923893,3.040101391,1.796257757
1987/11,3.560511423,3.997515044,4.733081478,2.835590425,2.447314468,3.176671981,1.818718585
1987/12,4.086392459,4.495540775,5.278302283,3.251153504,3.016155231,3.624793598,2.507610475
1988/01,4.718245936,5.089182795,5.967959146,3.690774224,3.710263361,4.211419802,3.31169031
1988/02,5.11178304,5.618016334,6.663660383,3.968400672,3.785527216,4.325527381,3.352571421
1988/03,5.373547426,5.953511832,7.044806337,4.228922274,3.87208095,4.500787561,3.35920354
1988/04,5.538940737,6.125769164,7.197342329,4.42317898,4.015924016,4.810671374,3.353150652
1988/05,5.646108688,6.244011474,7.270862566,4.600231442,4.094254284,4.985814908,3.343990115
1988/06,5.761292137,6.329859188,7.305685777,4.754784019,4.270990903,5.356970124,3.345348812
1988/07,5.857456543,6.39166934,7.306588543,4.899938426,4.44066783,5.71445006,3.345598308
1988/08,5.911343343,6.455503171,7.319128673,5.033575511,4.470218972,5.775696511,3.346570409
1988/09,5.945139022,6.470215137,7.220670262,5.206427217,4.545589816,5.931643037,3.349291775
1988/10,5.990486483,6.511381381,7.196927345,5.337222882,4.598639077,6.026796682,3.364603072
1988/11,6.070654347,6.566469831,7.211012854,5.447977331,4.732118746,6.296273274,3.375566821
1988/12,6.197316386,6.687693248,7.301475987,5.608344158,4.866279677,6.576696162,3.377809925
1989/01,6.349023793,6.900670142,7.411548081,5.958578066,4.874835122,6.567421135,3.402856673
1989/02,6.435183543,7.039663423,7.460589882,6.219096141,4.839201097,6.478862336,3.415169263
1989/03,6.504944899,7.136210189,7.5032048,6.3880723,4.846248103,6.482235764,3.425700807
1989/04,6.602224445,7.222918223,7.573225168,6.495329884,4.963637476,6.717778829,3.436672128
1989/05,6.693098769,7.298140107,7.613113737,6.617611634,5.086264421,6.979401989,3.433854379
1989/06,6.774384637,7.366201033,7.640474195,6.740489685,5.19421161,7.203106306,3.437425966
1989/07,6.842148218,7.433510382,7.647763623,6.889719273,5.260463053,7.336940463,3.442792664
1989/08,6.907332776,7.520435644,7.689113587,7.037676394,5.274411444,7.355722249,3.452538089
1989/09,6.973392795,7.635181347,7.736777777,7.24268618,5.228765582,7.228590775,3.480864748
1989/10,7.076525015,7.771109724,7.847788145,7.409087658,5.254472793,7.189251648,3.566642483
1989/11,7.175855437,7.891835665,7.945279549,7.558425079,5.302110487,7.254067034,3.599311205
1989/12,7.418029579,8.121921936,8.143808971,7.82520536,5.562423794,7.530487562,3.849133217
1990/01,7.776037302,8.435019171,8.378512359,8.237925103,6.007911408,7.937395237,4.337322011
1990/02,7.952119854,8.590026923,8.472240326,8.473746319,6.224720173,8.333941678,4.392874083
1990/03,8.09230992,8.721043883,8.551320869,8.673266744,6.380279869,8.639127122,4.413783094
1990/04,8.215471549,8.892265123,8.686626767,8.8892191,6.391008181,8.658658095,4.416615662
1990/05,8.358837676,9.097510944,8.87504126,9.111333042,6.390169486,8.614319341,4.455653033
1990/06,8.542938589,9.32596246,9.111952721,9.320443855,6.4678707,8.489275294,4.720550332
1990/07,8.698734834,9.512833207,9.278451451,9.529747305,6.548130692,8.593090073,4.780529769
1990/08,8.846950442,9.684587339,9.429584209,9.724778798,6.638002112,8.760209035,4.801042006
1990/09,8.973061369,9.842794286,9.518493713,9.974932109,6.6873995,8.832684548,4.830088609
1990/10,9.102059888,10.00090114,9.663633286,10.14603523,6.746281016,8.862299739,4.916775465
1990/11,9.343723103,10.21673382,9.844547169,10.40374097,7.03692242,9.082359789,5.27691814
1990/12,9.638213954,10.50748404,10.08210728,10.75951969,7.328825788,9.419228491,5.532386417
1991/01,9.883879895,10.78754063,10.27984034,11.14578896,7.488173787,9.644611998,5.63379883
1991/02,10.05642472,10.99652846,10.43459859,11.4239404,7.57252796,9.668357643,5.775118088
1991/03,10.19983964,11.16021646,10.56907635,11.6232083,7.665127483,9.672158581,5.950668715
1991/04,10.30668755,11.28235278,10.70119841,11.72734776,7.733699445,9.813911991,5.95326
1991/05,10.40744167,11.38954185,10.81104584,11.82729977,7.81627135,10.00225174,5.940199419
1991/06,10.51664758,11.49723659,10.92212994,11.92671631,7.92480713,10.21798809,5.952215692
1991/07,10.60958427,11.5995514,10.99404334,12.06829088,7.993229813,10.35255662,5.961106934
1991/08,10.68342298,11.70555078,11.08139582,12.19695402,7.992130762,10.34199924,5.96866317
1991/09,10.78985037,11.86846293,11.20527828,12.40923457,7.967845721,10.2783853,5.980043795
1991/10,10.91534274,12.03239579,11.36585597,12.57250036,8.002415788,10.30678611,6.020839391
1991/11,11.1863741,12.14651427,11.44899312,12.7263048,8.615499911,10.36353986,7.154160428
1991/12,11.44967987,12.36219818,11.63335553,12.97882461,8.975880268,10.53635817,7.692460554
1992/01,11.65777847,12.59038843,11.73483016,13.37714722,9.131168042,10.81182359,7.740097283
1992/02,11.79590044,12.72886932,11.80515744,13.6066174,9.263363035,11.02243874,7.802553528
1992/03,11.91594772,12.84409048,11.87870731,13.77647166,9.389769065,11.20606094,7.87856985
1992/04,12.02217132,12.96353435,11.96561791,13.93760226,9.462365321,11.31695557,7.917239606
1992/05,12.10143789,13.12111189,12.11564897,14.10059553,9.362927679,11.08244679,7.940028527
1992/06,12.18334519,13.251586,12.22699664,14.25360383,9.332785995,10.96355153,7.990779
1992/07,12.26027241,13.35993817,12.29976526,14.40828138,9.336324355,10.92133195,8.036335873
1992/08,12.33559223,13.4763986,12.39599914,14.54927697,9.31651061,10.83315776,8.078883413
1992/09,12.44289652,13.62694022,12.46521557,14.80887434,9.322791098,10.83029239,8.093653961
1992/10,12.53249354,13.7176754,12.53988433,14.91915641,9.406504329,10.93022375,8.163871173
1992/11,12.63662034,13.81569035,12.61688017,15.04342158,9.520483883,11.08050074,8.24643937
1992/12,12.81655348,13.95210213,12.71716275,15.22600444,9.791415369,11.56984473,8.32153877
1993/01,12.97731976,14.12747264,12.80762797,15.51463534,9.913432357,11.72403606,8.416057429
1993/02,13.08334531,14.28536332,12.94642774,15.69411237,9.899111835,11.57950489,8.520905561
1993/03,13.15959369,14.43021426,13.07895146,15.85149665,9.818572629,11.30045828,8.621075078
1993/04,13.2354804,14.52630051,13.16236021,15.96220455,9.846318691,11.27673135,8.696478324
1993/05,13.31113749,14.59082157,13.21510729,16.04111481,9.944165039,11.43537238,8.740183975
1993/06,13.38579712,14.65334083,13.26134611,16.12440515,10.04330353,11.56312899,8.814709126
1993/07,13.45012344,14.71408089,13.28685351,16.23253837,10.1132961,11.64437646,8.875531455
1993/08,13.52211219,14.80893414,13.37731562,16.33043932,10.13128158,11.61760071,8.93485893
1993/09,13.62226067,14.92661,13.42949144,16.53606667,10.18837391,11.67621686,8.99149241
1993/10,13.67797303,15.01512385,13.49255431,16.65735374,10.16839706,11.543056,9.074977692
1993/11,13.73830236,15.06983265,13.53544678,16.7268325,10.23910483,11.57340198,9.183859821
1993/12,13.8430549,15.12623154,13.5488133,16.84169895,10.44848945,11.92730787,9.2641594
1994/01,13.95037498,15.22565783,13.6152044,16.98417119,10.56953958,12.07717678,9.360772383
1994/02,14.02212406,15.35367916,13.72702646,17.13070427,10.512321,11.84321055,9.464692021
1994/03,14.09422476,15.46654837,13.84417982,17.23387162,10.49024322,11.67588186,9.575447411
1994/04,14.1632513,15.5636944,13.92982858,17.34395034,10.49359497,11.65043489,9.605262893
1994/05,14.23168224,15.65291203,14.01956673,17.42951603,10.51282785,11.68301503,9.612572395
1994/06,14.30289457,15.73488649,14.10716141,17.50092795,10.55723918,11.73663396,9.649270334
1994/07,14.36632677,15.79002445,14.14039326,17.58496381,10.63692412,11.8867339,9.665694142
1994/08,14.43328665,15.86927757,14.23001517,17.64708787,10.67380271,11.93130906,9.69612115
1994/09,14.53593664,15.99804689,14.3215531,17.82382345,10.7140317,11.98368626,9.725871435
1994/10,14.6122453,16.07944217,14.41366394,17.88753343,10.77608595,12.01003975,9.821683601
1994/11,14.69036086,16.16266298,14.49181166,17.97513882,10.83984367,12.1079515,9.855169919
1994/12,14.81920437,16.28816451,14.59503824,18.12775045,10.97140684,12.28822935,9.944224094
1995/01,15.37699094,16.89032683,15.23738095,18.65387094,11.40884948,12.85529097,10.26999611
1995/02,16.02870735,17.66232098,16.09057822,19.28676212,11.76640981,13.43479508,10.42991018
1995/03,16.9736172,18.49777453,16.98656825,20.03429806,12.84649018,13.97375437,11.94020054
1995/04,18.32613326,19.89987335,18.51700601,21.25618238,14.01373091,14.67626878,13.47675482
1995/05,19.09209019,20.88286457,19.74383491,21.9248894,14.29654113,15.33331328,13.46134856
1995/06,19.69802427,21.59523855,20.61258158,22.43434223,14.65109661,16.00186501,13.56561121
1995/07,20.09958836,22.04632091,21.11733596,22.81232063,14.92775786,16.44589043,13.70880456
1995/08,20.43298127,22.45675615,21.59557161,23.13307417,15.08548066,16.69044732,13.79727031
1995/09,20.85564253,22.98212024,22.11306142,23.65926953,15.2760221,16.96517378,13.92064243
1995/10,21.28476212,23.38380899,22.60754789,23.94088914,15.7327858,17.6304765,14.21102774
1995/11,21.80960838,23.86040023,23.13972512,24.3416119,16.32105038,18.56256064,14.52509323
1995/12,22.52016727,24.5302403,23.85698951,24.9423206,17.06861865,19.47164289,15.1435382
1996/01,23.32975376,25.32583829,24.66591261,25.70833537,17.85483116,20.17474407,15.99541309
1996/02,23.87426203,25.92611094,25.32958661,26.22112454,18.25291116,20.62216186,16.35393642
1996/03,24.39982588,26.53114282,26.04557706,26.68050314,18.58647829,20.99176373,16.65858406
1996/04,25.09344962,27.26187295,26.8543561,27.3036761,19.16182169,21.82076627,17.03153775
1996/05,25.5508423,27.75748482,27.39640472,27.73427697,19.51370294,22.62541291,17.02261684
1996/06,25.96690173,28.23469039,27.8998415,28.17146007,19.78075178,23.00899718,17.19668251
1996/07,26.33603069,28.6589231,28.31266588,28.60253229,20.01608201,23.27718878,17.40568599
1996/08,26.68607171,29.04486266,28.74196989,28.92904794,20.27239109,23.5697215,17.6329767
1996/09,27.11275149,29.55244225,29.17535975,29.51875932,20.50992595,23.82786294,17.85394262
1996/10,27.45116754,29.88771432,29.5458137,29.80544975,20.83337848,24.07795711,18.23559943
1996/11,27.86708345,30.24775314,29.95471939,30.09977676,21.33501791,24.63427751,18.69335796
1996/12,28.75933645,30.89511058,30.49978325,30.86125642,22.66123002,25.35426126,20.50146504
1997/01,29.49888603,31.66658434,31.36167825,31.50937901,23.28949159,26.22707171,20.93455672
1997/02,29.99459809,32.21643829,31.88415622,32.08347556,23.64548545,26.50836486,21.34980214
1997/03,30.36788907,32.62906322,32.29005538,32.49741449,23.91659737,26.59879403,21.76462285
1997/04,30.69597181,33.04308358,32.70126221,32.9079468,24.05157149,26.65913055,21.95894579
1997/05,30.97611945,33.46857303,33.12689142,33.32614898,24.02269295,26.66451947,21.90279706
1997/06,31.25095691,33.82354981,33.48729562,33.66855907,24.11965427,26.65804519,22.08206633
1997/07,31.52321104,34.10108869,33.67273978,34.05394789,24.36392934,26.98879615,22.25731186
1997/08,31.8035022,34.37463304,33.88096501,34.40270311,24.64001329,27.48519466,22.35776034
1997/09,32.19961259,34.8668286,34.24092493,35.04818973,24.81882112,27.71653472,22.49461392
1997/10,32.45694082,35.18775004,34.58357476,35.33720276,24.93237156,27.4906406,22.87841093
1997/11,32.82004201,35.53675458,34.9344173,35.67812491,25.30091166,27.70215817,23.37175259
1997/12,33.27987451,35.9814979,35.25357163,36.2688342,25.76150354,28.34685925,23.68541862
1998/01,34.00392411,36.66824944,35.86007665,37.04211902,26.51466786,29.11743905,24.42421115
1998/02,34.59923784,37.37739591,36.63563454,37.65828431,26.84431456,29.38768997,24.80093866
1998/03,35.0045334,37.79303555,37.06191042,38.05398016,27.20305399,29.79993905,25.11682536
1998/04,35.33204206,38.22499716,37.49418272,38.47833746,27.30079326,29.94291367,25.17847547
1998/05,35.61348136,38.63612494,37.92104229,38.8633728,27.3043554,30.42690735,24.79943553
1998/06,36.03442041,39.09241917,38.50381606,39.15754288,27.62790594,30.9578323,24.95762404
1998/07,36.38187811,39.39366604,38.74203275,39.53074139,28.04612756,31.67421745,25.13811901
1998/08,36.7316321,39.79928228,39.14786566,39.92930879,28.26159367,31.95488069,25.30152049
1998/09,37.32737639,40.5658206,39.8738611,40.73254866,28.47759272,32.20754703,25.48817476
1998/10,37.86226893,41.1343247,40.60919844,41.08776059,28.9113618,32.69313232,25.88038964
1998/11,38.53278623,41.60478732,41.10719633,41.51672062,29.94033156,33.57309474,27.02733714
1998/12,39.47297432,42.25498013,41.69878853,42.2276181,31.40179429,35.2324277,28.33024719
1999/01,40.46977028,43.27157521,42.88816233,43.01616411,32.29608432,36.62538249,28.82682033
1999/02,41.01364281,44.06277201,43.66910902,43.80664799,32.3100012,36.06770704,29.29592505
1999/03,41.39468378,44.75777025,44.28737653,44.58374709,32.03795974,35.08318263,29.59146288
1999/04,41.77457661,45.29381746,44.83150177,45.10096144,32.08067628,35.00408844,29.73115693
1999/05,42.02587708,45.73296389,45.30323607,45.49295742,31.93977672,35.23051583,29.29782443
1999/06,42.3020062,46.08844922,45.67368872,45.82421474,32.03979967,35.25429284,29.45850037
1999/07,42.58157977,46.39267115,45.87473869,46.24937099,32.25207253,35.44128874,29.69076128
1999/08,42.82125526,46.74351643,46.19447792,46.63234363,32.25397781,35.22811814,29.86394457
1999/09,43.23501839,47.31303125,46.49508756,47.52079552,32.32945203,35.01802353,30.16678593
1999/10,43.50885123,47.65320567,46.89970969,47.77655867,32.45280289,34.77148663,30.5846208
1999/11,43.89577645,47.95593135,47.25661562,48.00804094,32.98407739,34.7616964,31.54642667
1999/12,44.33551639,48.34313257,47.57985495,48.46689423,33.50144621,35.32078848,32.03022317
2000/01,44.93083012,48.96916973,48.13455996,49.1695914,33.99719827,35.65667632,32.65295491
2000/02,45.32938031,49.50796824,48.65139396,49.72620743,34.08959866,35.24114148,33.14979637
2000/03,45.58068078,49.82817068,49.00016377,50.00615979,34.18691959,35.02297907,33.49829278
2000/04,45.84001827,50.08998318,49.23528655,50.29619431,34.42507496,35.3438542,33.67041394
2000/05,46.01137907,50.30909671,49.46195803,50.50241116,34.48985099,35.87027913,33.3675049
2000/06,46.28392024,50.4779762,49.57190746,50.74044798,34.95291866,36.63333403,33.59136365
2000/07,46.46446621,50.6457676,49.681201,50.97688698,35.14737647,36.73732545,33.85773611
2000/08,46.71978519,50.85746847,49.87665818,51.20488841,35.47418714,36.94411128,34.27991245
2000/09,47.0610716,51.24920861,50.04912044,51.85792021,35.6927462,36.91620562,34.69460195
2000/10,47.38513583,51.51716252,50.22522122,52.23358929,36.10873043,37.20647229,35.21042583
2000/11,47.79028786,51.84465233,50.53286918,52.57983807,36.64403785,37.21651295,36.16368097
2000/12,48.30767118,52.1366899,50.76384784,52.94157345,37.58005416,38.87736967,36.52183376
2001/01,48.57547625,52.52422312,51.15439153,53.31894771,37.59113356,38.39859802,36.92300687
2001/02,48.54332816,52.92034684,51.54154344,53.71940493,36.70264911,35.90580442,37.31273387
2001/03,48.85088778,53.23714275,51.78919342,54.11536267,36.97222297,36.41731835,37.38945478
2001/04,49.09730863,53.49359714,52.02641927,54.391015,37.18290026,37.16523729,37.17215007
2001/05,49.20997046,53.68653179,52.18291411,54.62523326,37.12790841,37.56827104,36.75243857
2001/06,49.32636377,53.85885106,52.33613878,54.81799406,37.12477553,37.49494062,36.80521076
2001/07,49.19820196,53.94192198,52.29411194,55.05248011,36.58158959,37.16257595,36.09449629
2001/08,49.48968755,54.12178318,52.38702523,55.33553825,37.07801663,38.64347205,35.8065936
2001/09,49.95038115,54.53140545,52.5029158,56.09709702,37.61221772,39.36546108,36.19089006
2001/10,50.17613537,54.66885326,52.60442639,56.27614257,38.00042677,39.82339567,36.52331292
2001/11,50.36514891,54.79950724,52.69808131,56.44980495,38.29427354,39.49342849,37.31374827
2001/12,50.43489879,54.93075962,52.74636399,56.68020795,38.23642293,39.40355183,37.28144074
2002/01,50.90047201,55.20476503,52.85373652,57.15316936,39.05670619,40.48279893,37.89494635
2002/02,50.86774985,55.59531635,53.13868136,57.66618478,38.17784894,37.42554764,38.75147626
2002/03,51.12794844,55.82165806,53.27941053,57.99331486,38.48941494,37.45403639,39.28826763
2002/04,51.40723497,56.02071187,53.39113826,58.29570654,38.91167884,38.02337891,39.59312116
2002/05,51.51142923,56.12431781,53.42418485,58.48376652,39.01055865,38.38276417,39.48447712
2002/06,51.76258618,56.19529117,53.39190399,58.67967587,39.60691319,39.4260035,39.72454943
2002/07,51.91118135,56.27082838,53.34656909,58.88191074,39.92288494,40.30960693,39.66377405
2002/08,52.1085603,56.46041266,53.44076466,59.1638084,40.13970672,40.56691034,39.85535426
2002/09,52.42198356,56.83221646,53.48032891,59.85839195,40.29474819,40.30371436,40.27004234
2002/10,52.65303609,56.96474757,53.64119431,59.96268305,40.785636,40.33619036,41.04536504
2002/11,53.07887728,57.07455688,53.71807372,60.10416814,42.04318607,41.35176295,42.45258285
2002/12,53.3099298,57.19333372,53.77600137,60.28184176,42.56978605,42.81084719,42.39987157
2003/01,53.52544068,57.44781396,53.92171737,60.64141348,42.67996495,42.10807484,43.01483078
2003/02,53.67412245,57.73288823,54.15687088,60.97399277,42.46616236,41.27688471,43.18451975
2003/03,54.01293041,57.96746397,54.36137102,61.23691616,43.07853778,42.48135521,43.42892063
2003/04,54.1051442,58.16380726,54.45398309,61.53368897,42.89412574,42.1077614,43.36207571
2003/05,53.93055967,58.31810263,54.56638404,61.72821994,41.85044823,41.90490445,41.79675475
2003/06,53.9751124,58.38158686,54.54558827,61.87371824,41.84518757,41.82855433,41.83564226
2003/07,54.0533387,58.46081062,54.49077792,62.0834668,41.91993034,42.0063962,41.84632627
2003/08,54.21548991,58.6701367,54.60415793,62.3855648,41.95483165,41.80825977,42.02592454
2003/09,54.53823816,58.95136011,54.68970538,62.8566227,42.38448815,42.50935526,42.28681674
2003/10,54.73820739,59.0778893,54.82281474,62.97617823,42.77776028,42.91905426,42.66970121
2003/11,55.19254161,59.2331002,55.01736343,63.0923071,44.02021275,43.47210935,44.33967079
2003/12,55.42981079,59.40446093,55.18066481,63.27079345,44.43019322,44.37396514,44.44400807
2004/01,55.77431735,59.63309697,55.41206847,63.49573537,45.07706496,45.09789215,45.04272221
2004/02,56.10794476,59.90184893,55.69211386,63.75229473,45.57988737,45.51907106,45.59600542
2004/03,56.29807094,60.12152117,55.87109947,64.01073969,45.69084814,45.22487142,45.95851308
2004/04,56.38303195,60.31954873,55.99857097,64.27679784,45.47444358,44.36512655,46.14171764
2004/05,56.24160294,60.45874263,56.15322999,64.40028805,44.59259864,43.96459423,44.96140236
2004/06,56.33174451,60.61955436,56.3212543,64.55335992,44.49506954,43.18423697,45.28794739
2004/07,56.47939018,60.72513745,56.41080943,64.67413437,44.75339659,43.46232629,45.53387963
2004/08,56.82804118,60.89389629,56.58414529,64.83769219,45.57366407,45.14511266,45.818144
2004/09,57.29791705,61.24245316,56.7808342,65.33301811,46.36075564,46.75725405,46.09251603
2004/10,57.69474717,61.41834672,57.02073262,65.44565542,47.33835727,48.46446819,46.61657303
2004/11,58.1868994,61.56421222,57.17306546,65.58457355,48.74396397,49.30339119,48.37341569
2004/12,58.30708815,61.735929,57.32077555,65.77898509,48.7265271,48.8592037,48.62099395
2005/01,58.30916037,61.96720963,57.51263604,66.0477515,48.12079608,46.67083337,48.99834999
2005/02,58.50343099,62.20780447,57.73949101,66.30071796,48.19114661,46.91098096,48.96322525
2005/03,58.76712098,62.38518614,57.89260524,66.50102442,48.68092668,47.81637728,49.19468016
2005/04,58.97641519,62.50378567,58.01607293,66.61435627,49.12909804,49.39086212,48.94321197
2005/05,58.82825146,62.62479208,58.15734896,66.71504682,48.26897667,50.22296782,47.03264712
2005/06,58.77178347,62.776811,58.29528237,66.88015912,47.66213953,48.34655692,47.21448772
2005/07,59.00179988,62.9059476,58.31563448,67.1149507,48.15737555,49.34456786,47.39727154
2005/08,59.07225536,62.99278043,58.38019856,67.22314964,48.18243619,49.10109545,47.58907598
2005/09,59.30900649,63.29558843,58.51943917,67.68434828,48.24333321,48.87703253,47.82690065
2005/10,59.45457994,63.44666679,58.68735789,67.8183286,48.37230222,47.9569319,48.60726763
2005/11,59.88249335,63.57725582,58.80310155,67.96284587,49.58473164,47.17890167,51.05517196
2005/12,60.25031239,63.75689238,58.94704916,68.17654919,50.44612463,48.77030021,51.46283145
2006/01,60.60362589,63.89572098,59.11093374,68.29031133,51.36420189,50.13335573,52.10414671
2006/02,60.69635773,64.1045609,59.29334683,68.52404794,51.14816058,49.87764967,51.91283931
2006/03,60.77251181,64.35872874,59.4672518,68.85548038,50.7531078,48.51972869,52.11590337
2006/04,60.86161727,64.57715846,59.59094217,69.1654643,50.4986047,48.09226313,51.96892868
2006/05,60.59067451,64.66446292,59.66128618,69.26894991,49.28362794,48.37067354,49.82715407
2006/06,60.64299806,64.85980968,59.7840378,69.53432981,48.95667664,47.36055863,49.92459419
2006/07,60.80929371,65.02751922,59.85190559,69.79879548,49.11723041,47.45643387,50.12523626
2006/08,61.11960865,65.14082271,59.97001599,69.90691406,49.9456003,49.23130488,50.36544727
2006/09,61.73661213,65.49715808,60.24049081,70.34553629,51.24735552,52.52652256,50.42866878
2006/10,62.00651878,65.64849192,60.45490047,70.43462753,51.82990792,53.31206722,50.88488882
2006/11,62.3318573,65.82048784,60.67819006,70.55579509,52.55810819,51.61923851,53.11617218
2006/12,62.69242357,66.08097256,60.96203452,70.79234175,53.1799493,52.81873921,53.37899851
2007/01,63.01620793,66.38775233,61.37893365,70.99027211,53.54636629,52.91541123,53.91274976
2007/02,63.19234663,66.64027582,61.58700407,71.28510329,53.51872674,52.78453799,53.94923017
2007/03,63.32911314,66.83665613,61.73740011,71.52552988,53.49676863,52.72514991,53.95052602
2007/04,63.29129513,66.9659789,61.89966476,71.62212776,53.01653007,52.88166574,53.075099
2007/05,62.98253436,67.09843051,62.06097144,71.72583122,51.54216225,51.34424238,51.64058812
2007/06,63.05817039,67.29017703,62.2322356,71.93674451,51.31115049,50.52520498,51.77484271
2007/07,63.32600481,67.49455593,62.41818813,72.15822796,51.74350209,51.37099978,51.95024587
2007/08,63.58399619,67.67719832,62.61828189,72.32303881,52.19970707,52.24576813,52.14631152
2007/09,64.07770259,68.00091192,62.86486204,72.72065981,53.13829492,54.37551913,52.34475606
2007/10,64.32740509,68.22375157,63.18012964,72.85228776,53.45582428,53.56876225,53.36030241
2007/11,64.78122126,68.3784787,63.4227621,72.92051447,54.69811199,54.12526147,55.02786623
2007/12,65.04905568,68.63982113,63.71710575,73.14850137,54.98085613,54.62591698,55.17515583
2008/01,65.35056368,68.93751191,64.01882215,73.44097016,55.29030284,54.72325803,55.61617054
2008/02,65.5448343,69.23388257,64.29327091,73.75745928,55.21204069,53.77374513,56.07898148
2008/03,66.01989072,69.57147558,64.64461776,74.08015875,56.04657727,55.02300639,56.65558281
2008/04,66.17012666,69.845046,65.03174564,74.24166693,55.86943842,55.88125595,55.83556475
2008/05,66.09863507,70.17806208,65.47426439,74.4663219,54.72874943,55.16397144,54.43248859
2008/06,66.3721681,70.50767817,65.79274002,74.8053854,54.85154785,55.01227881,54.72568423
2008/07,66.74205936,70.79064697,65.99207407,75.16878611,55.44825231,55.84695631,55.17432697
2008/08,67.12749227,71.08304374,66.39251681,75.35442029,56.07603965,56.28133225,55.92192223
2008/09,67.58493481,71.49796708,66.72843006,75.84468765,56.64145086,56.88342478,56.46428625
2008/10,68.04548569,71.70265451,66.9019011,76.07896622,57.77466778,57.52002743,57.90535626
2008/11,68.81894178,72.02910534,67.30814659,76.3260908,59.72514252,59.30342359,59.95865834
2008/12,69.29555236,72.44064713,67.86126969,76.59760981,60.36926405,60.97760007,59.96282259
2009/01,69.45614941,72.75881884,68.40454146,76.69461761,60.11171005,60.56308431,59.80286238
2009/02,69.60949368,73.09727382,68.81190866,76.96431967,59.77422124,59.73212269,59.77197416
2009/03,70.00995018,73.47384894,69.26156509,77.26790587,60.234714,60.86518999,59.81458773
2009/04,70.25499019,73.78480121,69.72105189,77.43248274,60.30237004,62.56896618,58.86620146
2009/05,70.05035847,73.93156241,70.10053437,77.35138241,59.17068029,62.54943422,57.04441297
2009/06,70.17935416,74.11789378,70.3351419,77.48976947,59.14534097,62.42153246,57.08277569
2009/07,70.37051645,74.34484979,70.49746792,77.77884445,59.24015434,62.62642913,57.10918366
2009/08,70.53888432,74.45921309,70.71470834,77.79226428,59.54967363,62.79906051,57.50356164
2009/09,70.89271587,74.75359638,70.99226247,78.10180218,60.05850466,64.14447925,57.49264041
2009/10,71.10719063,74.99504893,71.25166311,78.32468308,60.19921812,62.55918914,58.70511384
2009/11,71.47604578,75.10290202,71.38714293,78.40509402,61.25651853,61.92144687,60.81451256
2009/12,71.77185517,75.45224962,71.63857373,78.84853031,61.40669963,61.98978654,61.01544484
2010/01,72.55204598,76.01922195,72.31775597,79.30348329,62.74504085,63.56583699,62.20553594
2010/02,72.97167051,76.33327999,72.62813225,79.61977369,63.44073314,64.13638052,62.97861364
2010/03,73.48972549,76.60113862,72.79203836,79.98796768,64.61579734,66.41028081,63.47075615
2010/04,73.25556464,76.68368851,72.97442419,79.97268145,63.54557403,64.88810871,62.68169573
2010/05,72.79397765,76.86249979,73.14890306,80.15494711,61.3934495,62.6482798,60.58505669
2010/06,72.77118323,76.96832713,73.13184471,80.38029872,61.03048503,61.3187329,60.8225003
2010/07,72.92919,77.1287053,73.09783174,80.72978114,61.18144899,61.41568035,61.00693615
2010/08,73.1317495,77.20340026,73.23662315,80.74156945,61.71949558,62.26001058,61.35452884
2010/09,73.51511019,77.48280787,73.44629348,81.08785518,62.37525717,63.48972108,61.65356384
2010/10,73.96892635,77.63094492,73.76532703,81.06848931,63.63352668,64.49572955,63.06788671
2010/11,74.56158125,77.81494542,74.02235594,81.18038797,65.3039058,65.38561204,65.2221512
2010/12,74.93095445,78.15082319,74.37779118,81.49571308,65.75780257,66.305493,65.38646199
2011/01,75.29599135,78.50811188,74.92087481,81.68073824,66.1294862,66.12569529,66.02966611
2011/02,75.57846024,78.82408651,75.32061576,81.92167964,66.31749386,66.11617301,66.32750899
2011/03,75.72345093,79.05936244,75.68447985,82.04188368,66.20847738,65.29012681,66.61841211
2011/04,75.71744095,79.11898634,75.94685552,81.92020502,66.02156011,67.28844637,65.21349053
2011/05,75.15926438,79.25985609,76.16084596,81.99563688,63.51152925,64.68777726,62.75786047
2011/06,75.15550814,79.41322529,76.32323847,82.14087082,63.06975388,62.99003429,63.01698116
2011/07,75.51610674,79.5916365,76.38042103,82.42759138,63.93952923,64.88284107,63.31506507
2011/08,75.63555502,79.68701573,76.44856155,82.54728209,64.12435767,64.9805091,63.54820147
2011/09,75.82111305,79.89895854,76.69024791,82.73253824,64.23511811,64.81548224,63.81254548
2011/10,76.3327123,80.10607371,76.96201091,82.8817617,65.59713458,65.00705455,65.82499739
2011/11,77.15833283,80.36458482,77.22205248,83.13879036,68.00311279,65.95363234,69.040898
2011/12,77.79238536,80.77126891,77.73715102,83.44836381,69.27003159,68.78029795,69.43628875
2012/01,78.34304946,81.13318218,78.39717881,83.54357921,70.34543534,71.00238398,69.87074745
2012/02,78.50231384,81.47817595,78.89823737,83.74888636,69.98542685,69.71882259,70.02618432
2012/03,78.54738867,81.67729448,79.09705765,83.94818366,69.60045886,68.59623532,70.0530402
2012/04,78.30097963,81.8003161,79.35124935,83.95387448,68.32280876,67.8644728,68.47302144
2012/05,78.05381934,82.01757772,79.59080628,84.15110643,66.78161181,68.31123461,65.82589229
2012/06,78.41366669,82.194641,79.87927776,84.22848375,67.64966749,70.10000803,66.17930014
2012/07,78.85389747,82.45063343,80.13291827,84.48646602,68.60405307,72.19490449,66.49636784
2012/08,79.0905403,82.63563008,80.44792568,84.55514102,68.98389395,72.62178539,66.84939792
2012/09,79.43911894,82.78192673,80.71158189,84.59644432,69.89608402,75.19847458,66.83220621
2012/10,79.84103612,82.97047444,80.94349404,84.74613753,70.89174614,75.14711445,68.41005947
2012/11,80.3834365,83.01338165,81.25479807,84.54905767,72.82696858,74.54331674,71.75782926
2012/12,80.56824328,83.11373673,81.62466857,84.4084002,73.24761843,75.09579097,72.10433724
2013/01,80.89278202,83.46648911,81.82198833,84.89996603,73.49125705,74.91317635,72.58524095
2013/02,81.29094297,83.89125885,81.94170842,85.597287,73.81670341,74.93047283,73.08198245
2013/03,81.88743314,84.14365396,82.11296072,85.92211886,75.37115022,78.39881816,73.56701471
2013/04,81.94152293,84.21100062,82.23098644,85.94528313,75.37410988,79.57084478,72.90472212
2013/05,81.66882024,84.37726042,82.37198312,86.13367076,73.83147457,78.76496025,70.92857757
2013/06,81.61923793,84.48557393,82.38398551,86.32634258,73.32408952,76.40029023,71.51403181
2013/07,81.59219304,84.51426588,82.25073942,86.49687509,73.13514686,75.24407075,71.89424149
2013/08,81.82432839,84.59063851,82.46508118,86.45240139,73.8196692,76.3910061,72.30667683
2013/09,82.13233968,84.86465438,82.80446951,86.66915792,74.2262605,76.95272555,72.62198966
2013/10,82.52298816,85.02768294,82.89155421,86.89870525,75.27459325,76.39966541,74.61259303
2013/11,83.29226516,85.14266416,82.87117148,87.13225095,77.93724892,78.6674691,77.50758233
2013/12,83.7700583,85.42171934,83.16671332,87.39686556,78.9919916,80.10231876,78.33866745
2014/01,84.51905163,86.14989913,84.21784962,87.84216967,79.79855063,79.56207682,79.93769345
2014/02,84.73315704,86.39256002,84.32391049,88.20447771,79.93052938,79.0000884,80.47800727
2014/03,84.96529239,86.57811938,84.47812756,88.41748958,80.29703152,79.56340514,80.72870235
2014/04,84.80677925,86.83008686,84.67502737,88.7176905,78.95255548,78.6714766,79.11794423
2014/05,84.53557906,86.9115546,84.90860027,88.66593026,77.66063903,79.29450595,76.69926046
2014/06,84.68207224,87.09625398,85.05431649,88.88477474,77.69547125,78.97604651,76.94197193
2014/07,84.91495883,87.25994796,85.01916242,89.22263855,78.12819886,79.59075101,77.26762309
2014/08,85.21996514,87.44521591,85.39795699,89.23839769,78.77907453,81.14383728,77.38763182
2014/09,85.59633992,87.70141796,85.67193433,89.47903047,79.50520159,82.78055039,77.57796376
2014/10,86.06962558,87.84748576,85.81599891,89.62685287,80.92474676,82.8665455,79.78217898
2014/11,86.76377787,87.98924338,85.91989376,89.80177427,83.21852201,84.20676577,82.63703257
2014/12,87.18898371,88.19349844,86.07898298,90.04558981,84.28374705,87.00142832,82.68464464
2015/01,87.11010277,88.16442823,86.26596023,89.82728493,84.05848851,86.32641495,82.72402495
2015/02,87.27537713,88.46417643,86.54841254,90.1421825,83.83432519,85.57082532,82.81255653
2015/03,87.63071699,88.69616065,86.67400664,90.46735319,84.54669799,86.20159875,83.57294296
2015/04,87.40384038,88.83426027,86.91503087,90.51530176,83.26600229,86.42699624,81.40605165
2015/05,86.96736583,88.93710666,86.98434932,90.64751508,81.26653787,85.24303498,78.92673954
2015/06,87.11310776,89.12294352,87.16566458,90.83731238,81.29561921,85.03553961,79.09502425
2015/07,87.24081976,89.27673878,87.11747117,91.1680283,81.35031852,85.11589008,79.13463024
2015/08,87.42487529,89.45599649,87.41411166,91.24447113,81.54621484,85.31233107,79.33020608
2015/09,87.75241902,89.78776178,87.84864421,91.4862232,81.86167755,86.07200528,79.38429167
2015/10,88.2039185,90.01352546,88.15612809,91.64040865,82.96808023,86.10999077,81.1193584
2015/11,88.68546788,90.04518135,88.31906706,91.55707447,84.75226175,86.48336965,83.73366591
2015/12,89.04681772,90.32068671,88.5066636,91.90957863,85.35941935,88.49752874,83.51293414
2016/01,89.38638139,90.4949867,88.73432362,92.03714089,86.17865105,90.87340097,83.41622782
2016/02,89.77778112,90.81943029,89.16440272,92.26905898,86.76334632,92.48179542,83.39857143
2016/03,89.9100006,91.14474985,89.46949773,92.61209311,86.33612177,91.55650019,83.26441509
2016/04,89.62527796,91.34575174,89.84114973,92.66362359,84.64786352,90.28481024,81.33104519
2016/05,89.22561452,91.54100048,90.07102694,92.82854146,82.52433649,89.59329332,78.36491353
2016/06,89.32402789,91.77384787,90.31573721,93.05099822,82.23505652,88.32226099,78.65330342
2016/07,89.55691448,91.93052341,90.34700717,93.31751577,82.68945746,87.64117185,79.77583455
2016/08,89.80933349,92.10471625,90.69777707,93.33704581,83.1670544,87.94843437,80.35365744
2016/09,90.35774385,92.54340091,91.29002262,93.64122741,84.03316119,90.67133567,80.12721353
2016/10,90.90615422,92.80214892,91.6594283,93.80305105,85.41834319,90.63008519,82.35171825
2016/11,91.61683394,93.01042532,91.77445629,94.09300316,87.58424303,91.29080955,85.40327373
2016/12,92.0390348,93.42533928,92.09218562,94.59304056,88.02803133,92.17319261,85.58898984
2017/01,93.60388244,93.96613697,92.94658847,94.85915337,92.55516975,91.35957101,93.25866829
2017/02,94.14478034,94.68425536,93.97367704,95.30664664,92.58418611,90.50178573,93.80948486
2017/03,94.72248933,95.22651933,94.70334444,95.68476507,93.26364736,92.4887773,93.71958624
2017/04,94.83893263,95.65482882,95.27581112,95.98680815,92.4776615,94.22097505,91.45188379
2017/05,94.72549432,95.91810449,95.73258038,96.08060395,91.2748468,95.35730014,88.87270309
2017/06,94.96363964,96.21005233,96.03539852,96.36303056,91.35666214,95.76094967,88.76514898
2017/07,95.32273574,96.46776988,96.14806739,96.74779537,92.00999755,98.14295178,88.40132498
2017/08,95.79376765,96.71267657,96.60261692,96.80907716,93.13404058,100.1652631,88.99682076
2017/09,96.09351524,96.98562152,96.92102723,97.04219927,93.51160347,100.1027805,89.63330941
2017/10,96.69826913,97.2304841,97.12993276,97.31855641,95.15756188,98.2197549,93.35574638
2017/11,97.69517399,97.56524204,97.45597045,97.66095237,98.07071131,99.36017647,97.31198112
2017/12,98.27288299,97.97401198,97.7708681,98.15194449,99.13816458,101.1613964,97.94768104
2018/01,98.7949997,98.25201401,98.31648879,98.19554094,100.3664795,101.1910298,99.88130833
2018/02,99.17137448,98.73168802,98.84430244,98.63304973,100.4457214,99.27329092,101.1355876
2018/03,99.49215698,99.05735716,99.09502725,99.02436216,100.750004,99.64964197,101.3974646
2018/04,99.15484705,99.20320632,99.42392079,99.00988384,99.01707606,99.15687272,98.93481874
2018/05,98.99408017,99.45811162,99.63291662,99.30500097,97.65307792,98.09569603,97.39263837
2018/06,99.37646493,99.68832701,99.76124517,99.62445843,98.47487828,97.77896995,98.88435554
2018/07,99.9090991,99.97429195,99.98516587,99.96476754,99.72177986,99.64518143,99.7668509
2018/08,100.492,100.2203435,100.371215,100.0574487,101.331808,101.5382145,101.1835937
2018/09,100.917,100.5447731,100.753228,100.3197057,102.0683001,101.3218173,102.604327
2018/10,101.44,100.8566057,100.9940406,100.7082182,103.2450805,100.6105764,105.1368387
2018/11,102.303,101.1104429,101.2605879,100.9483324,105.9876827,104.1098414,107.3361041
2018/12,103.02,101.582475,101.6028907,101.5604323,107.4642851,108.3048822,106.8606775
2019/01,103.108,101.7847956,101.9139077,101.6453942,107.199205,108.6860261,106.1315635
2019/02,103.079,102.2241727,102.4166959,102.0163067,105.7220889,104.0365009,106.9324589
2019/03,103.476,102.5761403,102.7668887,102.3701907,106.25754,103.3388825,108.3533402
2019/04,103.531,103.0432843,103.140134,102.9387164,105.0393468,103.8835357,105.8693
2019/05,103.233,103.2122483,103.4359888,102.9706772,103.2973144,104.0595088,102.7500055
2019/06,103.299,103.5255617,103.6749459,103.3642727,102.5989106,103.8728486,101.6841339
2019/07,103.687,103.7944052,103.8308325,103.7550748,103.3560299,105.9496123,101.4936563
2019/08,103.67,104.0053857,104.1462714,103.8532724,102.6315612,104.3644132,101.3872522
2019/09,103.942,104.3153131,104.5469024,104.0652679,102.7888059,104.338762,101.6758289
2019/10,104.503,104.572028,104.8149359,104.3097621,104.2911341,104.4521796,104.1754922
2019/11,105.346,104.8036582,104.9401762,104.6562607,107.0232764,106.378729,107.4861066
2019/12,105.934,105.2337944,105.2163449,105.2526346,108.0965883,108.2689636,107.9728107
2020/01,106.447,105.5770987,105.912025,105.2154812,109.1354567,110.2501844,108.3350043
2020/02,106.889,105.9614304,106.330268,105.563199,109.7541577,112.1725268,108.0175995
2020/03,106.838,106.2724535,106.7060406,105.8043126,108.5864782,113.6301319,104.964782
2020/04,105.755,106.653927,107.382618,105.8671646,102.976144,112.730563,95.97178871
2020/05,106.162,106.9723901,107.8813864,105.9909532,103.6592519,114.2445999,96.05823154
2020/06,106.743,107.3658963,108.532734,106.1060699,104.8161183,111.862326,99.75644823
2020/07,107.444,107.7909717,109.2237833,106.2439754,106.3710245,111.8254428,102.4543707
2020/08,107.867,108.1324539,109.7323885,106.4050159,107.0458631,112.8107893,102.9062428
2020/09,108.114,108.4737243,110.1923293,106.6181588,107.0037321,112.8540115,102.8028222
2020/10,108.774,108.7334478,110.5150065,106.8099117,108.9008481,114.4920272,104.8859903
2020/11,108.856,108.6418313,110.1765906,106.9847627,109.5159706,114.0375546,106.269157
2020/12,109.271,109.2367108,111.025053,107.3058505,109.3765881,112.5544164,107.094685
2021/01,110.21,109.6288968,111.6368215,107.4609549,112.0061653,113.1606109,111.1771926
2021/02,110.907,110.0609028,112.2158909,107.7341776,113.5238845,112.9143143,113.9615985
2021/03,111.824,110.6539783,112.8874549,108.2425095,115.4421046,114.3521769,116.2247488
2021/04,112.19,111.0609308,113.3890685,108.5472572,115.6799126,117.3337714,114.4923263
2021/05,112.419,111.6442229,114.0914771,109.0019401,114.8140208,119.5766703,111.3941053
2021/06,113.018,112.2811334,114.8335563,109.5253005,115.2945339,119.6325871,112.1795083
2021/07,113.682,112.8150768,115.4941159,109.9225374,116.3633906,120.5163483,113.3812764
2021/08,113.899,113.2966539,116.3032076,110.0504994,115.7589572,122.9053955,110.6273146
2021/09,114.601,113.8153931,117.0902618,110.2795408,117.030451,124.6006986,111.5944836
2021/10,115.561,114.3779644,117.7881055,110.6960595,119.2169106,124.8244458,115.1903081
2021/11,116.884,114.7990637,118.1569168,111.1736138,123.3273754,130.4172142,118.2363752
2021/12,117.308,115.7207054,119.2364344,111.9247978,122.2124309,130.3184537,116.3917395
2022/01,118.002,116.4327213,120.415464,112.1325825,122.8511488,130.4985966,117.3597463
2022/02,118.981,117.3165851,121.5769814,112.7166657,124.1240946,131.17072,119.0641246
2022/03,120.159,118.1558695,122.7028388,113.2465392,126.3506097,132.7893099,121.7271725
2022/04,120.809,119.0742422,123.9638046,113.7950166,126.1721802,134.1780327,120.423418
